Date,Volume,Change
2016-01-04,2.476059110652637,1.3863722900270175
2016-01-05,1.6544688906093938,-1.6832015169753316
2016-01-06,2.532040094410559,0.00559566374215121
2016-01-07,3.407574366376968,-1.2530375351937153
2016-01-08,2.6942048104796084,-0.9131541826229532
2016-01-11,1.235193492949196,-0.30242489069046535
2016-01-12,1.1946488497621464,-0.3820859377649921
2016-01-13,2.1151064755263733,-1.6247836859026228
2016-01-14,2.165717996114445,0.7597115990254568
2016-01-15,3.320242646046695,0.42514006338744
2016-01-19,1.4671750869054456,-0.9981229949010622
2016-01-20,2.800651819694548,0.828753063963656
2016-01-21,1.4030048057710554,-0.4723625152466833
2016-01-22,2.347961040268947,1.4129273229615806
2016-01-25,1.3775777995344747,-1.1733724363900253
2016-01-26,2.9906684608510785,-0.0368907682614848
2016-01-27,7.029384663704311,-1.460153826549987
2016-01-28,1.6466952936073656,0.0905644760202602
2016-01-29,2.2520728205647838,1.2854680269506726
2016-02-01,0.6257836723597094,-0.0899967824014483
2016-02-02,0.3773126302173392,-0.5679549613902828
2016-02-03,0.9736417456911131,0.6481877538127845
2016-02-04,1.0087961406895902,0.3242358003110952
2016-02-05,1.0050825506779262,-1.396424178544533
2016-02-08,1.5318649935078856,0.9296573270400008
2016-02-09,0.8604950321081153,0.3029925843092772
2016-02-10,0.7227873547352868,-0.9450169807610986
2016-02-11,1.2584242155408185,-0.11655181533601157
2016-02-12,0.5847609737420542,-0.17496964640872034
2016-02-16,1.1879768587523842,0.7915784488927653
2016-02-17,0.8973537986417965,0.7012978196819111
2016-02-18,0.49258634404955504,-1.438906558819006
2016-02-19,0.23992365646491462,-0.04751035039781229
2016-02-22,0.1641691915627961,0.23395517110024097
2016-02-23,0.002170755643522691,-0.9768797788992442
2016-02-24,0.3009969698097267,1.057108519592583
2016-02-25,-0.2998979214433134,0.30830440124202246
2016-02-26,-0.20231918688309414,-0.22275979188677555
2016-02-29,0.22898380827756826,-0.15903419561048457
2016-03-01,1.2814540162847954,1.4607215201687989
2016-03-02,0.08718148221650553,0.05870167788211471
2016-03-03,0.34949534682772826,0.41982824645469474
2016-03-04,0.9799326780243053,0.2711297861711317
2016-03-07,0.2714268165078937,-0.34490727096493834
2016-03-08,-0.02420543311469619,0.06401349481485998
2016-03-09,-0.3262948952202543,-0.16965377774681203
2016-03-10,0.11101497035106632,-0.19621286241053834
2016-03-11,-0.31198787399994377,-0.05812993253413977
2016-03-14,-0.4735636812052032,0.25519433537289593
2016-03-15,0.5651052743706154,0.26051020403480424
2016-03-16,0.4428755076061034,0.6534995707455298
2016-03-17,0.17386193862682242,0.07994894561309576
2016-03-18,0.851765324244875,-0.2918012568249748
2016-03-21,0.24882657281750492,-0.07937314853595778
2016-03-22,0.03693716362585585,0.7119174018182385
2016-03-23,-0.43009527871792574,-0.25463069348324713
2016-03-24,-0.4003380602475947,0.0374584618802967
2016-03-28,-0.8660333330535943,-0.4989175481812466
2016-03-29,-0.049964999650829046,1.4129273229615806
2016-03-30,0.9484780163583443,0.41451642952194945
2016-03-31,-0.4172847788455993,-0.45643516790677363
2016-04-01,-0.4182824597442553,0.573838523671003
2016-04-04,0.3772433468215992,0.30299663603844024
2016-04-05,-0.3694584507662757,0.0905644760202602
2016-04-06,-0.3815553316624801,0.31892398337835
2016-04-07,-0.007577418137095634,-0.8175576847501906
2016-04-08,-0.5771007877990626,-0.20152062761412057
2016-04-11,-0.17346958089695716,-0.04220258519423006
2016-04-12,-0.3241748233106102,0.5154247443274573
2016-04-13,0.09325763602290373,0.5897699227400758
2016-04-14,-0.4460027463798303,0.1861569221638597
2016-04-15,1.0411722715188934,-1.268968934262788
2016-04-18,2.0029990128794752,-0.8175576847501906
2016-04-19,0.03281480157932571,-0.5838863604593556
2016-04-20,-0.09008701412386438,0.19146873909660495
2016-04-21,-0.02485669703465221,-0.5785785952557734
2016-04-22,0.12275850592899672,0.28706118524020446
2016-04-25,-0.26879660509562636,-0.02626713439599428
2016-04-26,1.6700715113300424,0.16491370616204168
2016-04-27,5.729101605814244,0.8977904771726923
2016-04-28,3.4871324897052127,-1.5451226388280959
2016-04-29,2.537173994034893,-0.20152062761412057
2016-05-02,1.1257742260570103,-0.2440070596177566
2016-05-03,1.7265444071977183,0.4516950963220033
2016-05-04,0.6314649108103897,-0.6051295764611736
2016-05-05,0.2756946736854778,-0.4723665669758464
2016-05-06,0.8167564243774519,-0.41394873590313763
2016-05-09,0.07102459432993699,-0.18027741161230257
2016-05-10,0.12301485449323472,-0.020959369192412057
2016-05-11,-0.22116427052437476,-0.5838904121885187
2016-05-12,3.076420519758479,-1.332698582268242
2016-05-13,0.8647628892856994,0.2074001381656777
2016-05-16,2.0333659252323186,0.722536983954566
2016-05-17,1.0396411084730393,-0.6316886611248999
2016-05-18,0.7033048638531981,0.14367049016022368
2016-05-19,-0.10178897966435077,-0.30242489069046535
2016-05-20,0.007948990848238883,0.23926698803298624
2016-05-23,0.42313666815977674,0.2286433541674957
2016-05-24,0.2237113418617541,0.29237300217294976
2016-05-25,0.43354303419992507,0.4357636972529305
2016-05-26,1.691895780988143,0.318928035107513
2016-05-27,0.3069207001454969,0.41451642952194945
2016-05-31,0.7202654391303507,0.06932531174760523
2016-06-01,-0.1896957521792657,-0.36615048696675634
2016-06-02,0.5736894871028018,-0.005023918394176273
2016-06-03,-0.23600477389188326,0.00028384680940594877
2016-06-06,-0.5971375458470713,0.2711297861711317
2016-06-07,-0.6583147842854934,-0.18558922854504784
2016-06-08,-0.7664938783939329,-0.11123594667410328
2016-06-09,-0.3678857176829777,0.5419757255328576
2016-06-10,-0.01374364035795584,0.09056852774942324
2016-06-13,0.42326830661168274,-0.7856989383412082
2016-06-14,0.0014294233091046665,0.00559566374215121
2016-06-15,-0.17085759687755908,-0.42988013497221034
2016-06-16,-0.04049395945317073,0.5154247443274573
2016-06-17,2.015934222864134,-0.7538320884738996
2016-06-20,0.1732522447443104,-0.5467157971176279
2016-06-21,0.251854257211343,0.446383279389258
2016-06-22,-0.1865225726543736,-0.44049971710853786
2016-06-23,0.02278949421574738,0.016215245878478696
2016-06-24,3.006908488812535,0.19146873909660495
2016-06-27,0.940752917733334,-0.5785785952557734
2016-06-28,0.5912389712437444,0.29768076737653193
2016-06-29,0.3200706886569493,0.15960594095845948
2016-06-30,0.2719464419759437,0.5472834907364398
2016-07-01,-0.407716741893905,0.14367454188938672
2016-07-05,-0.2914107054651631,-0.28118167468864735
2016-07-06,-0.0666622980241696,0.42514006338744
2016-07-07,-0.46916418557571304,0.05870572961127775
2016-07-08,-0.2077925751465543,0.03215069667671448
2016-07-11,-0.5623295678272942,0.05339391267853249
2016-07-12,-0.5365145745745693,0.06401349481485998
2016-07-13,-0.4170215019417873,-0.3555309048304289
2016-07-14,0.4855194376840748,0.6747427867473478
2016-07-15,-0.12292734370462548,-0.1431027965414118
2016-07-18,0.3175002746749952,0.53135614339653
2016-07-19,-0.5633688187633942,0.0958803446821685
2016-07-20,-0.3904305346567744,-0.0899967824014483
2016-07-21,0.05478456636848045,-0.28118167468864735
2016-07-22,-0.2492517591573717,-0.38739370296857434
2016-07-25,0.5869434007078642,-0.5520276140503731
2016-07-26,1.6855632786175068,-0.14841461347415708
2016-07-27,4.18704028181029,-0.7697634875429724
2016-07-28,0.551394090353669,0.7331565660908935
2016-07-29,-0.28943612868657304,-0.05813398426330281
2016-08-01,0.4334806791437591,0.8021980310290928
2016-08-02,0.13200783926028703,-0.9025305487574626
2016-08-03,-0.11838235294408132,0.4516950963220033
2016-08-04,-0.3119532323020738,0.08525671081667797
2016-08-05,0.5987562196815346,0.573842575400166
2016-08-08,-0.26840861807948235,0.382657683112967
2016-08-09,-0.3877146255437663,0.2392629363038232
2016-08-10,-0.5475306344972296,-0.4458115340412831
2016-08-11,-0.30670155090498163,-0.3820818860358291
2016-08-12,-0.918065163254336,0.14367454188938672
2016-08-15,-0.4186843034395473,0.6428799886092023
2016-08-16,0.13046974787485896,-0.20152062761412057
2016-08-17,-0.4541712587375765,-0.005023918394176273
2016-08-18,-0.6877463707958463,-0.14841461347415708
2016-08-19,-0.45333292964912253,0.2445788049657315
2016-08-22,-0.42200990643506747,-0.25462664175408406
2016-08-23,-0.738115399498828,0.06932531174760523
2016-08-24,-0.5706297186369464,-0.3555309048304289
2016-08-25,-0.47286391890822915,0.02683887974396922
2016-08-26,-0.28717748998544895,-0.3183562897595381
2016-08-29,-0.48089386447449545,0.0374584618802967
2016-08-30,-0.4882656177812317,0.0374584618802967
2016-08-31,-0.15580924332283058,0.16491370616204168
2016-09-01,-0.36095044976940344,0.2445788049657315
2016-09-02,-0.35395282679966317,-0.05281811560139451
2016-09-06,-0.348555650271517,-0.17496964640872034
2016-09-07,0.7242215210271048,0.21271195509842297
2016-09-08,1.4612374998905273,-0.9875034127647346
2016-09-09,1.0147060143462125,-0.8706677506193171
2016-09-12,0.9271179454517016,1.4129273229615806
2016-09-13,2.0968572290884566,0.16491370616204168
2016-09-14,5.471824644073319,1.5456903324469078
2016-09-15,4.023448327788997,0.8393726460999835
2016-09-16,3.3239146660209156,-0.17496964640872034
2016-09-19,1.0469920767610534,-0.9237737647592806
2016-09-20,0.18034686446808662,0.2074001381656777
2016-09-21,0.28350291238537606,-0.2280716088195208
2016-09-22,-0.058008801896243314,0.0746371286803505
2016-09-23,1.4251547073891342,-0.9768797788992442
2016-09-26,-0.1414675804046501,0.5897699227400758
2016-09-27,-0.5060368087885423,-0.020959369192412057
2016-09-28,-0.15728497965209262,0.06932126001844219
2016-09-29,0.27545218180038783,-0.5892022291212639
2016-09-30,0.30954654084404293,0.2445788049657315
2016-10-03,-0.707346643450693,-0.16965782947597507
2016-10-04,-0.1506545586797744,-0.10061636453777578
2016-10-05,-0.7245774239712316,-0.25462664175408406
2016-10-06,-0.21699341010082662,0.03215069667671448
2016-10-07,-0.5232883743278028,-0.20152062761412057
2016-10-10,0.2996320869136486,0.4782501292565665
2016-10-11,2.226056905464413,-0.8122458678174453
2016-10-12,0.3932200978792437,-0.07406538333237556
2016-10-13,0.2273279351193822,0.03215069667671448
2016-10-14,0.25918444048063527,-0.20152062761412057
2016-10-17,-0.5741077451030945,0.04808209574578722
2016-10-18,-0.5097711838189284,-0.4458115340412831
2016-10-19,-0.8228559208284248,-0.13779097960866654
2016-10-20,-0.5394036921769274,0.0374584618802967
2016-10-21,-0.6040520287419235,-0.18027741161230257
2016-10-24,-0.5800799738158827,0.22333558896391348
2016-10-25,1.123619512449496,0.09056852774942324
2016-10-26,2.371080909427386,0.6110131387418938
2016-10-27,0.18365168244488475,-0.5520235623212101
2016-10-28,0.4122661033681704,-0.14841461347415708
2016-10-31,-0.38049529570765805,-0.12717139747233905
2016-11-01,0.8254792039011182,-1.1149586570464798
2016-11-02,-0.24800465803405167,0.03214664494755144
2016-11-03,-0.3449390570138889,-0.6794828583321182
2016-11-04,-0.07442896668662387,0.09587629295300545
2016-11-07,0.044946324173400116,0.10649992681849599
2016-11-08,-0.5305077041639111,0.32954761724384046
2016-11-09,1.8890208985475976,0.46231467845833074
2016-11-10,1.7475511327860869,-1.821276343393404
2016-11-11,0.15468429468598976,0.6269445378109665
2016-11-14,1.334691377571413,-1.1308900561155524
2016-11-15,0.024473080732229435,0.21802377203116824
2016-11-16,1.8657486059185309,1.678461445390561
2016-11-17,-0.2964822500333313,0.00559566374215121
2016-11-18,-0.24127031196812343,0.1118076920220782
2016-11-21,-0.1833701781482035,0.78626663196002
2016-11-22,-0.4119430290340451,-0.14841056174499404
2016-11-23,-0.3107269161974757,-0.13779097960866654
2016-11-25,-1.4158317199483825,0.28175342003662224
2016-11-28,-0.3268283773674523,0.00559566374215121
2016-11-29,-0.23434890073369719,0.29237300217294976
2016-11-30,0.2945259006476104,-0.6423082432612274
2016-12-01,0.35858532834881657,-0.5360962149813003
2016-12-02,-0.37297111893029383,0.318928035107513
2016-12-05,0.16719687595663418,-0.5414039801848826
2016-12-06,-0.3960078480138446,0.17022552309478695
2016-12-07,-0.1325092373354678,0.871235444238129
2016-12-08,-0.3355373002119706,0.6003935566055663
2016-12-09,0.17260790916392837,0.8021980310290928
2016-12-12,-0.3836130485159582,-0.06344174946688504
2016-12-13,0.819105131493038,0.6481918055419476
2016-12-14,0.14691762602353553,0.010907480674896473
2016-12-15,1.0124543039846623,0.16491775789120472
2016-12-16,0.8618737716833413,-0.3342876888286108
2016-12-19,-0.28626987750125493,0.37734181445105874
2016-12-20,-0.7265242873915256,0.04277027881304196
2016-12-21,-0.5631401835574522,0.06932126001844219
2016-12-22,-0.40360130818694884,-0.10061636453777578
2016-12-23,-1.2236672935239121,0.42514006338744
2016-12-27,-0.9432496776058269,0.32423985204025824
2016-12-28,-0.7624892981201609,-0.4723625152466833
2016-12-29,-1.1689334108893104,0.07994894561309576
2016-12-30,-0.09179831399864244,-0.5095411820467372
2017-01-03,-0.2168132732719026,0.11711950895482347
2017-01-04,-0.7477873615441323,0.021527062811223956
2017-01-05,-0.6732730694257598,0.297684819105695
2017-01-06,-0.01104158792409575,0.53135614339653
2017-01-09,0.11436135836530843,0.48355789446014874
2017-01-10,-0.5161036861895646,0.11181174375124124
2017-01-11,-0.2994891494084474,0.46762649539107604
2017-01-12,-0.33429712742822454,0.11711950895482347
2017-01-13,-0.4017999398977088,-0.10592818147052105
2017-01-17,0.17518525148545647,0.8128216648945833
2017-01-18,-0.5680038779384003,-0.07406538333237556
2017-01-19,-0.437453175345514,0.13305090802389619
2017-01-20,0.0475721648719462,-0.3077326558940476
2017-01-23,-0.6832083083748761,-0.02626713439599428
2017-01-24,-0.6027841425998814,0.1542941240257142
2017-01-25,0.03230903279042369,0.7066055848854933
2017-01-26,-0.38616267747919025,0.0746371286803505
2017-01-27,-0.7862535028589817,-0.16965782947597507
2017-01-30,-0.10626468702915493,0.3029925843092772
2017-01-31,1.1978913126827786,0.0374584618802967
2017-02-01,5.547780030823084,0.8446844630327288
2017-02-02,0.12464994263269878,0.22333153723475044
2017-02-03,-0.5129720767021165,0.340171251109331
2017-02-06,-0.3509459274245471,0.5472794390072767
2017-02-07,0.4345822851360251,0.4570069132547485
2017-02-08,-0.617118877178488,0.2976767156473689
2017-02-09,-0.24674370023158362,0.340171251109331
2017-02-10,-0.8207150639000588,-0.2493229282796649
2017-02-13,-0.6149503068918258,0.04276622708387892
2017-02-14,0.09110292241538966,0.7544038338218746
2017-02-15,0.2571682936646012,-0.0740694350615386
2017-02-16,-0.6461832616914189,-0.2386911909558483
2017-02-17,-0.6729543658053558,0.2605061523056412
2017-02-21,-0.5129790050416905,0.18084915696027748
2017-02-22,-0.7672698524262209,0.29237705390211277
2017-02-23,-0.770643953798759,-0.5201648159122276
2017-02-24,-0.7021642454493408,0.32954761724384046
2017-02-27,-0.8074195802575523,-0.1802814633414656
2017-02-28,-0.5839459872981748,-0.11654776360684853
2017-03-01,0.31200610139281304,0.9402728574471653
2017-03-02,-0.3949339553798746,-0.6210609755302463
2017-03-03,-0.7484801955015323,0.46231467845833074
2017-03-06,-0.7040071837760249,-0.08468496546870304
2017-03-07,-1.0021821340222727,0.17554139175669525
2017-03-08,-0.9148227003337039,-0.04219853346506702
2017-03-09,-0.6758850534451579,-0.10062446799610186
2017-03-10,-0.8520796571515578,-0.12717139747233905
2017-03-13,-1.0038865055574768,0.11711545722566043
2017-03-14,-1.1502546073978057,-0.23338342575226606
2017-03-15,-0.43090589444808375,0.48886971139289404
2017-03-16,-0.8784627742493507,-0.08468496546870304
2017-03-17,0.8295807809289263,-0.6051295764611736
2017-03-20,-0.7184181300899454,0.49418558005480234
2017-03-21,0.5278446641416422,-1.2742807511955332
2017-03-22,-0.4192385706054674,0.765019364229039
2017-03-23,-0.8012602863762661,-0.24931482482133882
2017-03-24,-0.6592778234862794,-0.5254725811158099
2017-03-27,-0.5775580582109466,0.7225410356837291
2017-03-28,0.101398435022354,1.4660333371015442
2017-03-29,-0.18853871947040768,0.16491775789120472
2017-03-30,-0.7416072826441241,-0.20683649627602887
2017-03-31,-0.8486916990998717,-0.10061636453777578
2017-04-03,-0.826243878880111,-0.0740694350615386
2017-04-04,-0.8327773030983932,0.7384724347528018
2017-04-05,-0.2905308063392651,-0.1749655946795573
2017-04-06,-0.7456465046157662,-0.40332105030848403
2017-04-07,-1.0558144106646086,-0.27586985775590206
2017-04-10,-0.8991507962173154,-0.2971171254868831
2017-04-11,-0.10613304857724892,-0.7644516706102271
2017-04-12,-0.801003937812028,0.0374584618802967
2017-04-13,-0.9760900071865879,-0.5254725811158099
2017-04-17,-1.0620568446207828,0.11712356068398651
2017-04-18,-1.1926283322323912,-0.1802814633414656
2017-04-19,-1.0103506463800191,-0.7060419429958444
2017-04-20,-0.5952599658225173,0.5791503406037483
2017-04-21,-1.010870271848069,-0.15903419561048457
2017-04-24,-1.0237985534931535,0.00559566374215121
2017-04-25,-0.9034394384136215,0.2605061523056412
2017-04-26,-0.8223986504165408,-0.48830201777408216
2017-04-27,-1.2238890003902803,-0.13779503133782958
2017-04-28,-0.765641692626331,-0.30242489069046535
2017-05-01,0.11720197759064853,0.7172251670218207
2017-05-02,0.9312333791586577,-0.08468496546870304
2017-05-03,0.9551222940098105,0.7119174018182385
2017-05-04,-0.5916364442253151,-0.06344580119604808
2017-05-05,-0.317565187357014,1.0996030550545448
2017-05-08,1.1668107813538136,2.0448957791667235
2017-05-09,0.5001659475435113,-0.005019866665013233
2017-05-10,-0.4230145156732975,-0.26525432734873766
2017-05-11,-0.3225951618877381,0.7278488008873113
2017-05-12,0.042659972113980045,0.6747468384765108
2017-05-15,-0.408880702942337,-0.23338342575226606
2017-05-16,-0.8218928816276388,-0.3183562897595381
2017-05-17,1.3064376087886402,-1.8478354280571303
2017-05-18,0.11479784375847045,0.6056972700799854
2017-05-19,-0.34298526525402084,-0.23869929441417437
2017-05-22,-0.619730861197886,-0.07406133160321252
2017-05-23,-0.8308720097155431,-0.6529237736683918
2017-05-24,-0.8822040776193109,-0.3342876888286108
2017-05-25,-0.8782133540246867,0.00559566374215121
2017-05-26,-0.6917024526926004,-0.27586985775590206
2017-05-30,-0.8164610634016226,0.06401349481485998
2017-05-31,-0.5168588752031307,-0.7113497081994267
2017-06-01,-1.0743892890625033,-0.06344580119604808
2017-06-02,-0.28687264304419297,0.9243414583780926
2017-06-05,-0.45585484525405856,-0.2864934916213926
2017-06-06,-0.3662575578830876,0.22333558896391348
2017-06-07,-0.7511476062375224,0.11711545722566043
2017-06-08,-0.7385934549294341,-0.2068283928177028
2017-06-09,2.2843727396587727,-3.366690932489232
2017-06-12,2.798774239669994,-0.23869929441417437
2017-06-13,0.15617388769439983,-0.37146635562866465
2017-06-14,-0.02633243336391426,-1.3114513145372608
2017-06-15,0.017607096214395206,0.4463751759309319
2017-06-16,1.2782669800807553,-0.8706636988901542
2017-06-19,0.04365765301263608,1.3545054401597088
2017-06-20,-0.4857575588554436,-1.056540825973771
2017-06-21,-0.7375542039933339,0.11711545722566043
2017-06-22,-0.887171697093869,-0.1431027965414118
2017-06-23,0.24444093386716279,0.5419716738036945
2017-06-26,-0.43086432441063977,-0.785690834882882
2017-06-27,-0.4953325241467119,-0.7485202715411544
2017-06-28,-0.6809773830320481,0.6428759368800393
2017-06-29,-0.028535645348446333,-0.6157613137849902
2017-06-30,-0.6157332092636879,-0.29710902202855705
2017-07-03,-1.22170657342447,-0.8016303374102809
2017-07-05,-0.7165059083675213,0.14367049016022368
2017-07-06,-0.5391958419897074,-0.2227678953451016
2017-07-07,-0.8805620611402728,0.6110131387418938
2017-07-10,-0.7496926549269823,0.4357596455237675
2017-07-11,-0.8403707632714974,0.35610265017840376
2017-07-12,-0.48683837982898764,-0.1377869278795035
2017-07-13,-0.4650210385104609,1.1367736183962727
2017-07-14,-0.8161007897437746,0.4994852418000585
2017-07-17,-0.5624265645813301,0.3242317485819322
2017-07-18,-0.9729098993221218,0.39858908218203976
2017-07-19,-0.7613045520530067,0.21802782376033128
2017-07-20,-1.0162189499991974,-0.6847946752648634
2017-07-21,-0.39205176611709047,0.07994489388393272
2017-07-24,-0.7217991598020574,0.7331565660908935
2017-07-25,-0.9046588261786456,0.4304518803201853
2017-07-26,-1.1175597729480986,-0.010335735326921535
2017-07-27,0.03914730394996192,-1.7628625640498583
2017-07-28,-1.0182974518713974,-0.27586985775590206
2017-07-31,-0.8359296976045633,-0.6901024404684456
2017-08-01,0.2395356694487706,0.4357596455237675
2017-08-02,2.6345379500683186,-1.205239286257334
2017-08-03,-0.3335280817355105,-0.8547322998210813
2017-08-04,-0.7864613530462016,0.10118405815658768
2017-08-07,-0.6956723912685026,0.8606158621018015
2017-08-08,0.2975466567018745,0.7172251670218207
2017-08-09,-0.40044198534120473,0.8871708950363648
2017-08-10,0.6161394236727011,-2.501038996805765
2017-08-11,-0.39173999083626043,0.3985809787237137
2017-08-14,-0.678185262183726,0.21271195509842297
2017-08-15,-0.16945114394403704,0.4304518803201853
2017-08-16,-0.2937386275620272,-0.5945140460540091
2017-08-17,-0.2751013941079666,-1.481397042551805
2017-08-18,-0.3106091344247177,-0.25993845868682935
2017-08-21,-0.3840218205508242,-0.22275979188677555
2017-08-22,-0.7140809895166212,0.7544038338218746
2017-08-23,-0.8668855188211962,0.41451237779278644
2017-08-24,-0.8378003492895433,-0.6847865718065373
2017-08-25,-0.44557318932624224,0.042774330542205
2017-08-28,-0.41190838733617513,0.6375681716764571
2017-08-29,-0.1658899774030009,1.4235469050979082
2017-08-30,-0.3215905526495081,-0.3077326558940476
2017-08-31,-0.35515835788553923,0.12243132588756873
2017-09-01,-1.0614332940591227,-0.4670547500431011
2017-09-05,-0.16924329375681701,-0.9556365628974262
2017-09-06,-0.7108177415772671,-0.4936097829776644
2017-09-07,-0.6916400976364344,-0.5095411820467372
2017-09-08,-0.228619163905999,-1.2530334834645522
2017-09-11,-0.022895976935210144,0.46231467845833074
2017-09-12,2.7576684009774506,-0.9981229949010622
2017-09-13,0.9004161247335046,-0.18558922854504784
2017-09-14,-0.5646990599616022,-0.4458155857704461
2017-09-15,1.1919052272908424,0.6800546036800931
2017-09-18,-0.2523210135886538,-0.8334931355484264
2017-09-19,-0.769092005734183,-0.48298614911217386
2017-09-20,1.4577317600660833,-1.040601323446372
2017-09-21,0.38801691485916956,-1.3486299813373148
2017-09-22,1.0208306665296287,0.11712356068398651
2017-09-25,0.8643818306091294,0.2286433541674957
2017-09-26,0.3290082467074096,0.6534995707455298
2017-09-27,-0.4439034594889082,0.15960188922929644
2017-09-28,-0.6863052761644542,-0.3927055199013196
2017-09-29,-0.38878158983816236,0.41451237779278644
2017-10-02,-0.9154046808579199,-0.3077326558940476
2017-10-03,-1.0864307432421156,0.18084915696027748
2017-10-04,-0.8139045060988165,-0.14841866520332012
2017-10-05,-0.7363071028700139,0.573842575400166
2017-10-06,-1.004863401437411,0.10649992681849599
2017-10-09,-1.0841721045409916,-0.05282216733055755
2017-10-10,-1.128922249849459,-0.15372643040690234
2017-10-11,-1.0396436660988921,0.23926698803298624
2017-10-12,-1.0937193564739638,-0.25463069348324713
2017-10-13,-1.0750751946803292,0.06932936347676827
2017-10-16,-0.5397016107786093,0.9827673929091274
2017-10-17,-0.8947235872295293,0.297684819105695
2017-10-18,-1.0764608625951293,-0.41926055283588287
2017-10-19,0.7394569397503313,-0.47767838390859163
2017-10-20,-0.5499139833106858,-0.25993845868682935
2017-10-23,-0.6877740841541423,-0.45112335097402834
2017-10-24,-0.9806419262867061,0.36141851884031206
2017-10-25,-0.7416211393232721,-0.3342876888286108
2017-10-26,-1.0330686718431659,0.026842931473132256
2017-10-27,0.8690168897841356,1.928068220479632
2017-10-30,0.8861021751736202,1.4341705389633985
2017-10-31,0.28652366843964017,0.5366639086001123
2017-11-01,0.1196199681019746,-1.651334667108023
2017-11-02,0.6569542721031365,0.7331565660908935
2017-11-03,1.904415669081026,-0.8653559336865719
2017-11-06,0.21581996308696783,0.9296573270400008
2017-11-07,-0.5230735958010089,0.4092046125892042
2017-11-08,-0.5197479928054887,0.7703352328909473
2017-11-09,-0.168266397876883,0.340171251109331
2017-11-10,-0.46875541354084704,-0.30242489069046535
2017-11-13,-1.0343434863247818,0.18084915696027748
2017-11-14,-0.49390528619446783,-0.9715679619664989
2017-11-15,-0.19074885979451375,-0.5414039801848826
2017-11-16,-0.5732347743167705,-0.11123189494494023
2017-11-17,-0.6936493161128945,-0.5414039801848826
2017-11-20,-1.0842067462388616,-0.23338342575226606
2017-11-21,-0.46973923776035503,1.184567815603491
2017-11-22,-0.43803515586972996,0.7809588667564378
2017-11-24,-1.2391036340947847,-0.13779503133782958
2017-11-27,-0.7755907882545953,-0.5785826469849364
2017-11-28,-0.37984403178770204,-0.7219652386065911
2017-11-29,0.6758686391401572,-1.7416233997772033
2017-11-30,0.6662243904531489,0.6853704723420013
2017-12-01,0.5437382751243988,0.5154247443274573
2017-12-04,0.04372693640837608,-1.4920125729589695
2017-12-05,-0.3160063109528639,0.23926698803298624
2017-12-06,-0.23218725878660912,0.7331565660908935
2017-12-07,-0.4321876372692738,0.08526076254584102
2017-12-08,-0.5927934769341732,-0.6635555109922084
2017-12-11,0.2329676035326184,1.7740538915341606
2017-12-12,-0.8661857565242223,-0.3077326558940476
2017-12-13,-0.5607014080274041,-0.19089699374863006
2017-12-14,-0.7922395882509178,-0.1643419608140668
2017-12-15,0.5721444673777997,0.1118076920220782
2017-12-18,-0.17252732671489313,0.7490879651599662
2017-12-19,-0.3100340822400757,-0.3289799236250286
2017-12-20,-0.5844517560870769,-0.34490321923577527
2017-12-21,-0.7594408287076007,0.37734181445105874
2017-12-22,-1.0781790908094813,0.10649992681849599
2017-12-26,0.08828308820877157,-0.19089699374863006
2017-12-27,-0.7214527428233575,0.1967805560293502
2017-12-28,-1.069116822646689,-0.02626713439599428
2017-12-29,-0.40955968022058903,-0.7538361402030627
2018-01-02,-0.4403215079291501,1.0464848857270923
2018-01-03,-0.1658206940072609,-0.22807566054868383
2018-01-04,-0.6565757710524193,0.19147279082576799
2018-01-05,-0.5716758979126204,0.7597115990254568
2018-01-08,-0.7859140142198556,-0.06875356639963029
2018-01-09,-0.7155082274688652,-0.18558922854504784
2018-01-10,-0.5508978075301938,0.531348039938204
2018-01-11,-0.917559394465434,0.297684819105695
2018-01-12,-0.4498687598621224,0.4145204812511125
2018-01-16,-0.1624950910117408,-0.9768757271700811
2018-01-17,0.17151323151123635,1.4979042386980157
2018-01-18,-0.04973636444488704,-0.12717139747233905
2018-01-19,0.03559999408807381,-0.14841056174499404
2018-01-22,-0.3327451793636485,-0.22807566054868383
2018-01-23,0.053890810563434415,-0.20683649627602887
2018-01-24,1.329813826511317,-1.6778897000425863
2018-01-25,0.6663491005654808,-1.8743823575333676
2018-01-26,0.5010389183298354,-0.3289799236250286
2018-01-29,1.297617832510938,-1.2371020843954794
2018-01-30,0.9794546225936993,0.6959860027491658
2018-01-31,0.03932744077888593,0.2286433541674957
2018-02-01,1.061389166395826,0.255198387102059
2018-02-02,3.788591472909537,-2.9896289131184157
2018-02-05,2.828649239913083,-1.4548420096172416
2018-02-06,2.5172411610804946,4.286004420743986
2018-02-07,1.3646980162664082,-1.9540474563370573
2018-02-08,1.5574374948755205,-2.7984440208312167
2018-02-09,2.685516672653812,-0.41926055283588287
2018-02-12,2.0028604460879955,2.1670473099740493
2018-02-13,0.044198063499408094,1.2004992146725635
2018-02-14,0.6050956503917448,2.2307729062503405
2018-02-15,1.332730657471971,1.630671299912506
2018-02-16,0.5726155944688317,-0.031583003057902584
2018-02-20,0.1398992180350733,-0.1749655946795573
2018-02-21,0.38523865068999547,-1.0034307601046444
2018-02-22,-0.0636969686864975,0.3029925843092772
2018-02-23,0.131716848998179,0.9031022941054375
2018-02-26,0.4330857637880411,1.3226426420215633
2018-02-27,0.4861499165853088,-0.4458155857704461
2018-02-28,0.4067511450672662,-0.6741710413993729
2018-03-01,1.1702472377825177,-1.948731587675149
2018-03-02,0.4533026586649737,1.7421910933960152
2018-03-05,-0.2431756053509735,0.78626663196002
2018-03-06,-0.5627729815600302,-0.7272811072684994
2018-03-07,-0.014394904277911862,-0.020959369192412057
2018-03-08,-0.5637706624586862,0.7066096366146564
2018-03-09,0.018978907450047253,1.0039984537234563
2018-03-12,0.020496213816753303,0.6906782375455836
2018-03-13,-0.015087738235311884,-1.4601497748208239
2018-03-14,-0.17617856167039125,-1.0671644598392613
2018-03-15,-0.6351533450896105,0.010903428945733432
2018-03-16,0.519170382994994,-0.40332105030848403
2018-03-19,0.10638683951563417,-1.141513689981043
2018-03-20,-0.8495438848674737,-0.06875356639963029
2018-03-21,0.3563682596851365,-2.0708750150241486
2018-03-22,0.6637024748482128,-0.6794788066029551
2018-03-23,0.6316935460163317,-1.9009373904679308
2018-03-26,0.3900607750334996,2.4272655637411216
2018-03-27,0.6243356493887434,-2.9046560491111437
2018-03-28,0.6760141342712112,-0.47767838390859163
2018-03-29,0.4494574302014036,-0.08468496546870304
2018-04-02,0.3932200978792437,-0.04751440212697533
2018-04-03,-0.11315838490528515,0.32954761724384046
2018-04-04,0.18666551015957483,3.5053334525261164
2018-04-05,-0.3448974869764449,0.04808209574578722
2018-04-06,0.21436501177642778,-1.4442183757517513
2018-04-09,-0.20047624855641008,0.021527062811223956
2018-04-10,-0.24267676490164547,0.06401349481485998
2018-04-11,-0.6567836212396393,0.042774330542205
2018-04-12,-0.6250726110094402,0.31892398337835
2018-04-13,-0.47022422153053506,-0.09530859933419357
2018-04-16,-0.7158962144850093,0.35079488497482153
2018-04-17,-0.3676085841000176,0.8606158621018015
2018-04-18,-0.7729788042351972,-0.05282216733055755
2018-04-19,0.2007508245135173,-0.5785745435266103
2018-04-20,2.32652475762699,-2.6603691944131445
2018-04-23,0.31899679602297926,-0.9131501308937902
2018-04-24,0.12337512815108273,-1.5185676058935327
2018-04-25,-0.24451277488875553,0.4782460775274035
2018-04-26,-0.2735494460433905,-0.015643500530503757
2018-04-27,0.2594338607052993,-0.9609443281010084
2018-04-30,0.728593303298299,1.593484529654126
2018-05-01,1.5005488986334046,1.3598213088216171
2018-05-02,2.3991545413812347,0.6428840403383653
2018-05-03,0.14943954162847162,0.46762244366191297
2018-05-04,1.6828958678815167,2.8946082123227916
2018-05-07,0.730256104796059,-0.07936909680679474
2018-05-08,-0.2430786085969375,0.49417747659647626
2018-05-09,-0.6027702859207335,0.361410415381986
2018-05-10,-0.27172729273542845,1.1526969140070193
2018-05-11,-0.39485081530498656,-0.5467198488467909
2018-05-14,-0.7712952177187151,-0.5254725811158099
2018-05-15,-0.5692371223825724,-0.24931482482133882
2018-05-16,-0.8818507323010368,1.0517926509306745
2018-05-17,-1.012733995193475,-0.6051295764611736
2018-05-18,-0.9431942508892348,-0.5360962149813003
2018-05-21,-0.9360511327884407,-0.2652462238904116
2018-05-22,-1.154993591666422,-0.7166574734030089
2018-05-23,-0.8212069760098127,0.9986906885198741
2018-05-24,-0.6011906244978614,-0.3980213885632279
2018-05-25,-1.0011636681048948,0.11712356068398651
2018-05-29,-0.6510677410910891,0.09056042429109716
2018-05-30,-0.915979733042562,-0.18558922854504784
2018-05-31,-0.30681933267773964,-0.25463069348324713
2018-06-01,-0.5867450364860709,1.126149984530782
2018-06-04,-0.3911095119350264,0.03215069667671448
2018-06-05,-0.7167553285921853,0.05869762615295167
2018-06-06,-0.7605701480581627,0.11711545722566043
2018-06-07,-0.7319145355800978,-0.4298760832430473
2018-06-08,-0.3640474175589815,0.21271195509842297
2018-06-11,-0.9424459902152428,-0.13248726613424736
2018-06-12,-1.0392626074223221,0.403896847385622
2018-06-13,-0.7117392107406091,-0.9821915958319895
2018-06-14,-0.7136999308400512,-0.4670547500431011
2018-06-15,2.0651947172352756,-0.7007260743339362
2018-06-18,-0.9302243992067064,0.3879654483165492
2018-06-19,0.11551146273459247,0.22333558896391348
2018-06-20,-0.7816946554192895,0.010903428945733432
2018-06-21,-0.4295132981937097,-1.0193621591737172
2018-06-22,-0.32638496363471625,-0.7060338395375184
2018-06-25,-0.017193953465807956,-0.7219652386065911
2018-06-26,-0.5086834345058103,0.6959778992908398
2018-06-27,-0.4590695948163947,-0.6369923745993191
2018-06-28,-1.007801017416787,0.6747387350181847
2018-06-29,-0.6355759738036246,-0.6954102056720278
2018-07-02,-0.9824363662363722,1.7156279570031259
2018-07-03,-1.2440851102484909,-2.1239850808932754
2018-07-05,-1.0605256815749287,0.00559566374215121
2018-07-06,-0.9994870099279867,1.2854720786798357
2018-07-09,-0.8421167048441455,0.5048011104619667
2018-07-10,-1.1066060680816043,-0.25993845868682935
2018-07-11,-0.9062107742432216,-0.3980132851049018
2018-07-12,-0.9609723702361195,0.7278488008873113
2018-07-13,-1.3439155551702602,0.06401349481485998
2018-07-16,-1.1686839906646465,-0.3927055199013196
2018-07-17,-1.1346381299980093,0.8340608291672382
2018-07-18,-1.0751306213969212,-0.8016303374102809
2018-07-19,-0.8053826484227963,1.0942871863926367
2018-07-20,-0.7784036941216393,-0.24931482482133882
2018-07-23,-1.1031211132758822,0.42514411511660305
2018-07-24,-0.915467035914086,0.22333558896391348
2018-07-25,-1.0532024266452105,0.8659317307637099
2018-07-26,-0.8892709839847911,-0.2811776229594843
2018-07-27,-0.5464567418632597,-2.1983424144933825
2018-07-30,-0.7539258704066966,-1.1255741874536442
2018-07-31,0.5169740993500359,-0.0740694350615386
2018-08-01,2.495894946853,1.1898755808070731
2018-08-02,2.112639986638029,3.5478198845297526
2018-08-03,0.10642840955307817,0.4410755141856758
2018-08-06,-0.44936299107322036,0.49949334525838457
2018-08-07,-0.43813908096334,-1.2424179530573878
2018-08-08,-0.6502779103796531,0.5685267067382578
2018-08-09,-0.5832739383594968,-0.41394468417397456
2018-08-10,-0.5057735318847303,0.021527062811223956
2018-08-13,-0.4171115703562493,-0.30242489069046535
2018-08-14,-0.7734291463075071,-0.2864934916213926
2018-08-15,-0.21503269000138456,0.4729383123238213
2018-08-16,-0.23631654917271327,0.7650274676873651
2018-08-17,0.24358181975998675,2.1298686431739955
2018-08-20,-0.11248633596660713,-1.4707734086863145
2018-08-21,-0.3984812652417627,-1.0034388635629705
2018-08-22,-0.8932824925981372,0.4357596455237675
2018-08-23,-0.9026288226834634,0.3773499179093848
2018-08-24,-0.9308133080704964,-0.30242489069046535
2018-08-27,-0.7888724152179537,0.35079488497482153
2018-08-28,-0.6328669930301905,0.297684819105695
2018-08-29,-0.3226159469064601,1.4341705389633985
2018-08-30,1.1696791139374496,0.8765472611708743
2018-08-31,0.791828258590199,0.5260483781929478
2018-09-04,-0.3132419034628378,-0.09530859933419357
2018-09-05,0.0985023890804219,-1.1946237558501696
2018-09-06,0.16480659880360413,-1.7309916624533868
2018-09-07,0.3955064499386638,-0.3608427217631741
2018-09-10,0.5269162666387261,-1.4601497748208239
2018-09-11,0.2658910731882675,3.0326911421991904
2018-09-12,1.2032746325317767,-2.1239850808932754
2018-09-13,0.6786399749697573,1.4660333371015442
2018-09-14,0.006099124181980822,-1.0830958589083342
2018-09-17,0.36608179176788486,-2.336409137453129
2018-09-18,-0.023526455836444166,0.17023362655311303
2018-09-19,-0.33169207174840043,-0.13779503133782958
2018-09-20,-0.36737302055450166,-0.1802814633414656
2018-09-21,4.457377163648205,-1.7256838972498045
2018-09-24,-0.2922282495348951,2.039579910504815
2018-09-25,-0.5097088287627624,1.227054247607127
2018-09-26,-0.5491795793158417,-0.3767741208322469
2018-09-27,-0.11986501761291737,0.531348039938204
2018-09-28,-0.6222943468402662,0.4357677489820936
2018-10-01,-0.5757774749404286,-0.43519195190495563
2018-10-02,-0.4935103708387498,1.0093143223853644
2018-10-03,-0.2256191928704569,1.0040065571817822
2018-10-04,0.00905752518007892,-1.550430404031678
2018-10-05,0.11565002952607248,-2.0177811560716745
2018-10-08,-0.15570531822922057,0.7597115990254568
2018-10-09,-0.347821246276673,1.6465945955232526
2018-10-10,0.6983303160390659,-4.9014778359904065
2018-10-11,1.4697177875291036,-0.10593223319968409
2018-10-12,0.583825647899564,0.828753063963656
2018-10-15,-0.07761600289066398,-2.0868145175515473
2018-10-16,-0.18895441984484768,1.6412868303196704
2018-10-17,-0.6253428162528263,-0.6582396423303001
2018-10-18,0.04642206050266217,-1.0459171921082804
2018-10-19,0.08088362154373932,0.595081739672821
2018-10-22,-0.2161065826353546,0.3879654483165492
2018-10-23,0.47504378824818644,3.595614081736971
2018-10-24,0.6245365712363895,-4.057081271496246
2018-10-25,-0.14240983458671413,1.04117712052351
2018-10-26,1.06330138811825,0.14367859361854976
2018-10-29,0.971646383893801,-3.7596762474707943
2018-10-30,0.3290082467074096,1.0730480221199816
2018-10-31,0.4467138077300995,0.9827592894508013
2018-11-01,1.8299083053022276,1.6147317973851072
2018-11-02,4.116641423398874,-1.1680687229156062
2018-11-05,2.373124769601716,-1.5079520754863682
2018-11-06,-0.0019654630821554467,0.9137259279709281
2018-11-07,0.10483489145105812,2.0448957791667235
2018-11-08,-0.45371398832569254,-0.8600400650246636
2018-11-09,0.1700582802006963,-0.6423082432612274
2018-11-12,1.331920041741813,-2.6338141614785813
2018-11-13,1.0372854730178793,0.2498825184401507
2018-11-14,2.0015787032668055,-3.8393332428161577
2018-11-15,1.0092880527993442,1.5350748020397433
2018-11-16,0.3475969817844522,1.5403825672433256
2018-11-19,0.6938061102972437,-2.267375775973256
2018-11-20,2.48823913162373,-0.8069381026138631
2018-11-21,-0.0545307754300952,-1.6354032680389503
2018-11-23,-0.5741701001592605,-1.4760892773482228
2018-11-26,0.9067278420854189,0.13304685629473315
2018-11-27,0.6565385717286966,1.381068576552598
2018-11-28,0.9804453751527813,2.1670473099740493
2018-11-29,0.6830463989388214,-1.7203761320462223
2018-11-30,0.5279555175748263,-0.9768757271700811
2018-12-03,0.6160147135603692,0.12243132588756873
2018-12-04,0.6535524573723024,-2.3311013722495466
2018-12-06,0.7750824618398404,1.503212003901598
2018-12-07,0.7184917841994066,-2.7240947906894353
2018-12-10,2.086450863048308,2.3741636013303213
2018-12-11,1.064915691238992,-1.6778897000425863
2018-12-12,0.2574869972850052,-0.7591358019483189
2018-12-13,-0.0008777137690374105,0.17553328829836917
2018-12-14,0.609169514061257,-1.9381160572679845
2018-12-17,0.8574950610725732,-0.8706636988901542
2018-12-18,0.13373299581421308,0.297684819105695
2018-12-19,1.1872424547575402,-2.782512621762144
2018-12-20,2.2767723511460947,-1.9646629867442218
2018-12-21,4.4225899706471505,-3.3242045004855956
2018-12-24,0.36428735181821875,-0.7697594358138093
2018-12-26,1.8478734898176103,4.64181917238382
2018-12-27,1.4692120187402016,0.09587629295300545
2018-12-28,0.7191707614776586,-0.7432125063375722
2018-12-31,0.21424030166409577,-0.4882939143157561
2019-01-02,0.35531515206988845,1.5403825672433256
2019-01-03,4.115498247369164,-1.0193621591737172
2019-01-04,1.8495778613528142,1.912128717952233
2019-01-07,1.5842709540456235,-0.47767838390859163
2019-01-08,0.6314510541312417,0.5632189415346756
2019-01-09,0.9136977516968631,1.0040065571817822
2019-01-10,0.26808735683322554,0.6216367726073843
2019-01-11,-0.33866198135984465,-0.3820899894941552
2019-01-14,0.03657688996800784,-0.5201648159122276
2019-01-15,-0.22173239436944278,1.418239139894326
2019-01-16,-0.09294841836792649,0.9190336931745103
2019-01-17,-0.14480704007931822,0.8128216648945833
2019-01-18,0.12746284849974288,-0.4298760832430473
2019-01-22,-0.10512151099944489,-1.7203761320462223
2019-01-23,-0.6083545276173776,-0.19089699374863006
2019-01-24,-0.4482475284018063,-0.8175617364793537
2019-01-25,0.11253227671777237,1.142081383599855
2019-01-28,-0.3962434115593606,0.20209642469125852
2019-01-29,0.6703813941975489,-0.9025346004866257
2019-01-30,2.022973415871318,0.9933829233162919
2019-01-31,0.611656787968323,0.10649992681849599
2019-02-01,0.052435859252894367,-0.30242489069046535
2019-02-04,-0.02880585059183234,1.9705465490249419
2019-02-05,0.2903203985261923,0.6322523030145487
2019-02-06,-0.2543856587817059,-0.2864853881630665
2019-02-07,-0.011748278560643774,-0.8441086659555909
2019-02-08,-0.56059055459422,0.6853623688836753
2019-02-11,-0.7564270009929106,-0.929089633421189
2019-02-12,-0.6670444921487336,0.35078678151649545
2019-02-13,-0.6527236142492752,-0.7113497081994267
2019-02-14,-0.6980695967611067,0.510108875665549
2019-02-15,-0.5046927109111862,-0.5095411820467372
2019-02-19,-0.8964210304251593,0.5791422371454222
2019-02-20,-0.40162673140835875,0.37734181445105874
2019-02-21,-1.0158032496247573,-0.46174698483951887
2019-02-22,-0.9005503208112634,0.6694309698146025
2019-02-25,-0.6954576127417086,-0.031583003057902584
2019-02-26,-1.0282396191600878,0.2605061523056412
2019-02-27,-0.2823900073398148,0.8128135614362573
2019-02-28,-0.2560623169586139,-0.6901105439267717
2019-03-01,-0.41743720231622733,0.297684819105695
2019-03-04,-0.3100479389192237,0.016219297607641733
2019-03-05,-0.8434469460423535,-0.2864934916213926
2019-03-06,-0.769105862413331,-0.14841056174499404
2019-03-07,-0.49294224699368183,-0.7963144687483726
2019-03-08,-0.5481611133984636,1.3067112429524905
2019-03-11,0.0069097399121388495,1.742182989937689
2019-03-12,0.038544538407023904,0.4145204812511125
2019-03-13,-0.06088406281945341,-0.3555268531012658
2019-03-14,-0.5772532112696906,-0.15903419561048457
2019-03-15,0.4941036504162611,0.6056972700799854
2019-03-18,-0.39432426149736255,1.1102185854617093
2019-03-19,-0.018350986174665993,-1.035301661701116
2019-03-20,-0.0606969976509554,0.9562123599745641
2019-03-21,1.3249016337533508,2.623758221231903
2019-03-22,0.7272284204022209,-2.3470327713186196
2019-03-25,0.8268302301180482,-1.5398067701661877
2019-03-26,1.23942670842891,-2.655061429209562
2019-03-27,-0.14292253171519015,-0.21745202668319333
2019-03-28,-0.771184364285531,-0.19089699374863006
2019-03-29,-0.5783271039036607,-0.005027970123339313
2019-04-01,-0.28054706901313076,-0.2811776229594843
2019-04-02,-0.6336360387229045,1.487280604832525
2019-04-03,-0.5985717121388894,1.0464929891854184
2019-04-04,-0.886617429927949,0.4092127160475303
2019-04-05,-0.9273352816043483,0.22333558896391348
2019-04-08,-0.4177489775970573,1.885581788475996
2019-04-09,0.2672213143864755,-0.5042334168431549
2019-04-10,-0.707796985523003,0.9615201251781463
2019-04-11,-0.7628426434384348,-1.077788093704752
2019-04-12,-0.28756547700159296,-0.2440070596177566
2019-04-15,-0.9959258433869506,0.27643755137471393
2019-04-16,-0.43058719082767977,-0.1802814633414656
2019-04-17,-0.20815977714397632,1.8377875912687778
2019-04-18,-0.5345538544751273,0.32423985204025824
2019-04-22,-0.8640864696333002,0.8340608291672382
2019-04-23,-0.5950244022770013,1.5510062011088162
2019-04-24,-0.9956487098039906,-0.1749655946795573
2019-04-25,-0.9261851772350643,-0.8919109666211351
2019-04-26,-0.918848065626198,-0.38738965123941127
2019-04-29,-0.6725040237330459,0.042774330542205
2019-04-30,1.0131748513003584,-1.3380063474718242
2019-05-01,2.280534439534777,0.2711297861711317
2019-05-02,0.005891273994760815,-0.43519195190495563
2019-05-03,-0.7634246239626509,0.3879654483165492
2019-05-06,0.03684709521139385,2.156423676108559
2019-05-07,0.47475972632565244,-1.672581934839004
2019-05-08,-0.38603103902728425,0.46231467845833074
2019-05-09,0.20766530740836955,0.10119216161491376
2019-05-10,0.6441576289099581,-0.19621286241053834
2019-05-13,1.7680659462647015,-1.1255822909119702
2019-05-14,0.3199806202424873,1.126149984530782
2019-05-15,-0.3718140862214358,2.4007105308065584
2019-05-16,0.0776065169252372,0.021527062811223956
2019-05-17,0.06705465575403485,1.0305615901163456
2019-05-20,0.4642702202106161,-0.2971171254868831
2019-05-21,-0.24571137763505757,0.6641232046110203
2019-05-22,-0.14983701461004237,-1.0671644598392613
2019-05-23,0.3199806202424873,-0.1431027965414118
2019-05-24,-0.5678860961656423,-0.7219652386065911
2019-05-28,-0.2745748403003425,-0.43519195190495563
2019-05-29,-0.23764679037092132,0.4410755141856758
2019-05-30,-0.74083823695141,0.11712356068398651
2019-05-31,-0.3372486000867486,-0.6847865718065373
2019-06-03,0.5878579415316322,-1.290212150264606
2019-06-04,-0.06535284184468357,2.161731441312141
2019-06-05,-0.14811878639569032,-0.9928152296974799
2019-06-06,-0.6502224836630611,1.0677321534580733
2019-06-07,-0.08500161287654821,1.8643345207450148
2019-06-10,-0.3942480497620485,0.340171251109331
2019-06-11,-0.3449182719951669,-0.09530859933419357
2019-06-12,-0.946277361999665,0.05870572961127775
2019-06-13,-0.709231151814821,-0.3608427217631741
2019-06-14,-0.9110606119450217,0.5632189415346756
2019-06-17,-1.1945959806714073,0.4570069132547485
2019-06-18,-0.37137760082827376,1.2058069798761457
2019-06-19,-0.7473647328301183,-1.0299857930392076
2019-06-20,-0.7203580651706654,-0.552019510592047
2019-06-21,1.1008668452884793,-0.07937720026512082
2019-06-24,-0.948549857379937,-0.04750629866864925
2019-06-25,-0.7510991078605045,-1.587600967373406
2019-06-26,-0.4048761226685649,1.0093143223853644
2019-06-27,-0.7629188551737488,-0.36083461830484803
2019-06-28,-0.05547302961215923,-0.4723625152466833
2019-07-01,-0.3227406570187921,-0.9290815299628629
2019-07-02,-1.037592877584988,0.6322523030145487
2019-07-03,-1.4237230987231688,0.53135614339653
2019-07-05,-1.0147085719720652,0.3985809787237137
2019-07-08,-0.4553767898234526,-0.4882939143157561
2019-07-09,-0.7852073235833076,1.0146301910472728
2019-07-10,-0.9709491792226798,0.6641151011526942
2019-07-11,-0.8119645710180965,-0.8972187318247173
2019-07-12,-0.9918658363965864,0.382657683112967
2019-07-15,-1.0367476201569599,0.5260483781929478
2019-07-16,-1.0423318618536042,-0.11654776360684853
2019-07-17,-1.2335055357189926,-0.44049971710853786
2019-07-18,-0.9263653140639883,0.8128216648945833
2019-07-19,-0.7608680666598447,-1.7681703292534405
2019-07-22,-0.6674324791648777,1.8271639574032872
2019-07-23,-0.9392104556341847,0.13304685629473315
2019-07-24,-1.1722520855452565,0.46231467845833074
2019-07-25,-1.247216719735939,-1.0618485911773532
2019-07-26,-0.9902238199175484,0.06932936347676827
2019-07-29,-0.7093142918897091,0.5791422371454222
2019-07-30,0.1402594916929213,-0.05812993253413977
2019-07-31,2.589129612500321,-1.8637668271262031
2019-08-01,1.5316225016227958,-2.973697514049343
2019-08-02,0.6201440039464733,-0.8706636988901542
2019-08-05,1.419043911884866,-2.538225767064145
2019-08-06,0.27114275458535964,0.297684819105695
2019-08-07,0.10067788770665798,1.8590186520831067
2019-08-08,-0.3396111638814827,1.6465945955232526
2019-08-09,-0.5051846230209402,-0.23338342575226606
2019-08-12,-0.6532986664339172,0.3879654483165492
2019-08-13,1.060536980628224,4.153237359529495
2019-08-14,0.32120693634708536,-0.2864934916213926
2019-08-15,-0.3245143119497362,-0.9821915958319895
2019-08-16,-0.2972859374239153,1.1102185854617093
2019-08-19,-0.5194639308829547,-0.21213615802128502
2019-08-20,-0.348285445028131,-0.34491132269410135
2019-08-21,-0.7188754005018294,-0.25463069348324713
2019-08-22,-0.6691091373417857,-0.45643111617761056
2019-08-23,1.032788980634353,-3.6747033834635223
2019-08-26,-0.4065319958267509,0.2658220209675495
2019-08-27,-0.41833095812127336,-2.033704451682421
2019-08-28,-1.1066268531003263,0.6906701340872575
2019-08-29,-0.7566279228405566,0.20208832123293244
2019-08-30,-0.7460344916319103,-0.8228695016829359
2019-09-03,-0.8236596082190089,-0.45643111617761056
2019-09-04,-0.8815043153223368,0.35610265017840376
2019-09-05,-0.5540987004133818,0.6110131387418938
2019-09-06,-0.8694351477844284,-0.48830201777408216
2019-09-09,-0.31883307349905604,-0.4245683180394651
2019-09-10,-0.00924021963485569,1.4394783041669807
2019-09-11,0.8576128428453312,2.8627373107263203
2019-09-12,0.02185416837325735,-0.9768838306284072
2019-09-13,0.5440154087073588,-0.7325888724720816
2019-09-16,-0.7450160257145322,1.083663552527146
2019-09-17,-0.9417392995786948,0.3242317485819322
2019-09-18,-0.45527979306941657,0.8393766978291466
2019-09-19,-0.6824877610591802,-0.6263687407338285
2019-09-20,1.628286695359247,-2.007157522206184
2019-09-23,-0.8830701200660608,-0.19089699374863006
2019-09-24,-0.049916501273811045,-1.8478354280571303
2019-09-25,-0.6933791108695085,1.2482934118797817
2019-09-26,-0.9060722074517416,-0.12717139747233905
2019-09-27,-0.4544483923205365,-0.9821834923736633
2019-09-30,-0.4111185566247391,1.5616298349743067
2019-10-01,0.2005429743262973,-0.3236721584214464
2019-10-02,0.18713663725060686,-2.2461285082422746
2019-10-03,-0.228965580884699,1.2005073181308896
2019-10-04,0.18764933437908288,0.658807335949112
2019-10-07,-0.09247729127689447,0.35078678151649545
2019-10-08,-0.27410371320931054,-0.822877605141262
2019-10-09,-0.915834237911508,-0.06875356639963029
2019-10-10,-0.2534295479204938,1.0783557873235639
2019-10-11,0.6781203495017072,1.6625340980506513
2019-10-14,-0.5407131483564134,0.446383279389258
2019-10-15,-0.6977716781594246,-0.6369923745993191
2019-10-16,-0.9308548781079404,0.46231467845833074
2019-10-17,-1.0402880016792742,0.03215069667671448
2019-10-18,-0.5232883743278028,0.8977945289018553
2019-10-21,-0.6997254699192927,1.5191352995123446
2019-10-22,-0.7855260272037116,-0.7060338395375184
2019-10-23,-0.8975018513987033,0.5047930070036407
2019-10-24,-1.011015766979123,-0.5626431444575376
2019-10-25,-0.9382335597542507,1.7474988585995974
2019-10-28,-0.5381981610910513,0.7968902658255106
2019-10-29,0.2631820924148334,-3.0852254109911783
2019-10-30,-0.05409429003693319,-0.8653559336865719
2019-10-31,0.19948293837147527,0.7384643312944758
2019-11-01,0.4066957183506742,3.2663624664900253
2019-11-04,-0.42216232990569547,0.021535166269550036
2019-11-05,-0.8270267812519729,-0.0262590309376682
2019-11-06,-0.8968852291766173,0.18084915696027748
2019-11-07,-0.5664727148925462,0.297684819105695
2019-11-08,-0.9986971792165507,0.7013018714110741
2019-11-11,-0.7937083962406059,2.0024255540797395
2019-11-12,-0.6972728377100966,0.148986358822132
2019-11-13,-0.4314740182931518,1.7050124265959614
2019-11-14,-0.6661992347207056,-0.658231538871974
2019-11-15,-0.47526112440083323,1.035877458778254
2019-11-18,-0.709148011739933,0.6216448760657104
2019-11-19,-0.8916404761190991,-0.9237656613009546
2019-11-20,-0.37085104702064975,-1.3167671831991692
2019-11-21,-0.10825312048689299,-0.9609443281010084
2019-11-22,-1.0794331202723755,-0.4989175481812466
2019-11-25,-0.7556163852627525,1.8749581546105054
2019-11-26,-0.38863609470710836,-1.4760811738898967
2019-11-27,-1.0809850683369515,1.1314658531926904
2019-11-29,-1.4034646338087922,0.27643755137471393
2019-12-02,-0.5743225236298886,-1.7203680285878962
2019-12-03,-0.228889369149385,0.5366720120584383
2019-12-04,-1.0472786963094403,0.2870530817818784
2019-12-05,-0.9218272516430182,0.8818469229161304
2019-12-06,-0.37360159783152785,1.6465864920649265
2019-12-09,0.006882026553842849,-1.7044366295188234
2019-12-10,-0.6447629520787489,-0.13247916267592127
2019-12-11,-0.8467864057170216,0.9721356555853108
2019-12-12,0.1674116544834282,1.8855736850176699
2019-12-13,0.10292959806820805,1.8908895536795782
2019-12-16,0.009369300460908931,1.4500938345741452
2019-12-17,-0.23360064005970518,0.37734181445105874
2019-12-18,-0.2012106525512541,-0.10061636453777578
2019-12-19,-0.5070829880642163,0.20739608643651467
2019-12-20,2.5692522062625143,-1.5504385074900042
2019-12-23,-0.5035703199001982,1.7740538915341606
2019-12-24,-1.3712270697709692,-0.2918093602833009
2019-12-26,-0.5979828032750993,2.6343818550973936
2019-12-27,0.3225302492057194,-0.7697675392721355
2019-12-30,0.2852627106371721,1.0252457214544373
